Modulus,Temp,Strain,UV,Time,Intensity,Dose,Run
0.833837846,41,11,0.7210772190162132,2,26.240000000000002,4.534272,25
0.83767092,41,11,0.7210772190162132,2.1,26.240000000000002,4.760985600000001,25
0.75599101,41,11,0.7210772190162132,4.8,26.240000000000002,10.882252800000002,25
0.736721583,41,11,0.7210772190162132,10.8,26.240000000000002,24.485068800000004,25
0.730005039,41,11,0.7210772190162132,11.5,26.240000000000002,26.072064000000005,25
0.666218201,41,11,0.7210772190162132,16.5,26.240000000000002,37.407744,25
0.658904319,41,11,0.7210772190162132,20.7,26.240000000000002,46.9297152,25
0.636044948,41,11,0.7210772190162132,23.2,26.240000000000002,52.5975552,25
0.617011629,41,11,0.7210772190162132,26,26.240000000000002,58.945536,25
0.607920147,41,11,0.7210772190162132,29.9,26.240000000000002,67.7873664,25
0.609097358,41,11,0.7210772190162132,31.6,26.240000000000002,71.6414976,25
0.532911408,41,11,0.7210772190162132,38.3,26.240000000000002,86.83130879999999,25
0.499058481,41,11,0.7210772190162132,43.2,26.240000000000002,97.94027520000002,25
0.454875039,41,11,0.7210772190162132,51.6,26.240000000000002,116.98421760000001,25
0.866810068,41,11,0.7210772190162132,2,26.240000000000002,4.534272,26
0.817983925,41,11,0.7210772190162132,2.1,26.240000000000002,4.760985600000001,26
0.767075898,41,11,0.7210772190162132,4.8,26.240000000000002,10.882252800000002,26
0.741826927,41,11,0.7210772190162132,10.8,26.240000000000002,24.485068800000004,26
0.735362763,41,11,0.7210772190162132,11.5,26.240000000000002,26.072064000000005,26
0.64741181,41,11,0.7210772190162132,16.5,26.240000000000002,37.407744,26
0.630008899,41,11,0.7210772190162132,20.7,26.240000000000002,46.9297152,26
0.588358118,41,11,0.7210772190162132,23.2,26.240000000000002,52.5975552,26
0.575306782,41,11,0.7210772190162132,26,26.240000000000002,58.945536,26
0.565205159,41,11,0.7210772190162132,29.9,26.240000000000002,67.7873664,26
0.546140338,41,11,0.7210772190162132,31.6,26.240000000000002,71.6414976,26
0.438864424,41,11,0.7210772190162132,38.3,26.240000000000002,86.83130879999999,26
0.377590771,41,11,0.7210772190162132,43.2,26.240000000000002,97.94027520000002,26
0.317849239,41,11,0.7210772190162132,51.6,26.240000000000002,116.98421760000001,26
0.862149202,41,11,0.7210772190162132,2,26.240000000000002,4.534272,27
0.858051287,41,11,0.7210772190162132,2.1,26.240000000000002,4.760985600000001,27
0.784607991,41,11,0.7210772190162132,4.8,26.240000000000002,10.882252800000002,27
0.759788453,41,11,0.7210772190162132,10.8,26.240000000000002,24.485068800000004,27
0.758338452,41,11,0.7210772190162132,11.5,26.240000000000002,26.072064000000005,27
0.684314962,41,11,0.7210772190162132,16.5,26.240000000000002,37.407744,27
0.669866345,41,11,0.7210772190162132,20.7,26.240000000000002,46.9297152,27
0.658755325,41,11,0.7210772190162132,23.2,26.240000000000002,52.5975552,27
0.629643796,41,11,0.7210772190162132,26,26.240000000000002,58.945536,27
0.629151103,41,11,0.7210772190162132,29.9,26.240000000000002,67.7873664,27
0.622010588,41,11,0.7210772190162132,31.6,26.240000000000002,71.6414976,27
0.535252134,41,11,0.7210772190162132,38.3,26.240000000000002,86.83130879999999,27
0.522740294,41,11,0.7210772190162132,43.2,26.240000000000002,97.94027520000002,27
0.487413948,41,11,0.7210772190162132,51.6,26.240000000000002,116.98421760000001,27
0.891099764,41,11,0.7210772190162132,2,26.240000000000002,4.534272,28
0.846943692,41,11,0.7210772190162132,2.1,26.240000000000002,4.760985600000001,28
0.794679088,41,11,0.7210772190162132,4.8,26.240000000000002,10.882252800000002,28
0.76826583,41,11,0.7210772190162132,10.8,26.240000000000002,24.485068800000004,28
0.762061353,41,11,0.7210772190162132,11.5,26.240000000000002,26.072064000000005,28
0.678150914,41,11,0.7210772190162132,16.5,26.240000000000002,37.407744,28
0.66087935,41,11,0.7210772190162132,20.7,26.240000000000002,46.9297152,28
0.621572883,41,11,0.7210772190162132,23.2,26.240000000000002,52.5975552,28
0.609580602,41,11,0.7210772190162132,26,26.240000000000002,58.945536,28
0.586515831,41,11,0.7210772190162132,29.9,26.240000000000002,67.7873664,28
0.564504096,41,11,0.7210772190162132,31.6,26.240000000000002,71.6414976,28
0.469117682,41,11,0.7210772190162132,38.3,26.240000000000002,86.83130879999999,28
0.40156753,41,11,0.7210772190162132,43.2,26.240000000000002,97.94027520000002,28
0.337646546,41,11,0.7210772190162132,51.6,26.240000000000002,116.98421760000001,28
0.971788137,51,11,0.7210772190162132,1.7,26.240000000000002,3.8541312000000003,29
0.885353932,51,11,0.7210772190162132,5.6,26.240000000000002,12.6959616,29
0.857902504,51,11,0.7210772190162132,7.3,26.240000000000002,16.5500928,29
0.741703401,51,11,0.7210772190162132,11.2,26.240000000000002,25.3919232,29
0.721046976,51,11,0.7210772190162132,14,26.240000000000002,31.739903999999992,29
0.686877845,51,11,0.7210772190162132,17.9,26.240000000000002,40.58173440000001,29
0.645499745,51,11,0.7210772190162132,21.7,26.240000000000002,49.196851200000005,29
0.604971429,51,11,0.7210772190162132,24.4,26.240000000000002,55.318118399999996,29
0.530239672,51,11,0.7210772190162132,27.1,26.240000000000002,61.4393856,29
0.43498628,51,11,0.7210772190162132,31.9,26.240000000000002,72.32163840000001,29
0.410966459,51,11,0.7210772190162132,34.6,26.240000000000002,78.4429056,29
0.330849266,51,11,0.7210772190162132,37.4,26.240000000000002,84.7908864,29
0.953889716,51,11,0.7210772190162132,1.7,26.240000000000002,3.8541312000000003,30
0.866218745,51,11,0.7210772190162132,5.6,26.240000000000002,12.6959616,30
0.825860364,51,11,0.7210772190162132,7.3,26.240000000000002,16.5500928,30
0.699209809,51,11,0.7210772190162132,11.2,26.240000000000002,25.3919232,30
0.647150489,51,11,0.7210772190162132,14,26.240000000000002,31.739903999999992,30
0.578415784,51,11,0.7210772190162132,17.9,26.240000000000002,40.58173440000001,30
0.500932312,51,11,0.7210772190162132,21.7,26.240000000000002,49.196851200000005,30
0.445235587,51,11,0.7210772190162132,24.4,26.240000000000002,55.318118399999996,30
0.428352274,51,11,0.7210772190162132,27.1,26.240000000000002,61.4393856,30
0.386231906,51,11,0.7210772190162132,31.9,26.240000000000002,72.32163840000001,30
0.304344652,51,11,0.7210772190162132,34.6,26.240000000000002,78.4429056,30
0.352530139,51,11,0.7210772190162132,37.4,26.240000000000002,84.7908864,30
0.353128736,51,11,0.7210772190162132,40.1,26.240000000000002,90.91215360000002,30
0.968981838,51,11,0.7210772190162132,1.7,26.240000000000002,3.8541312000000003,31
0.859958096,51,11,0.7210772190162132,5.6,26.240000000000002,12.6959616,31
0.81959856,51,11,0.7210772190162132,7.3,26.240000000000002,16.5500928,31
0.725703089,51,11,0.7210772190162132,11.2,26.240000000000002,25.3919232,31
0.676336249,51,11,0.7210772190162132,14,26.240000000000002,31.739903999999992,31
0.627611166,51,11,0.7210772190162132,17.9,26.240000000000002,40.58173440000001,31
0.55902828,51,11,0.7210772190162132,21.7,26.240000000000002,49.196851200000005,31
0.516435781,51,11,0.7210772190162132,24.4,26.240000000000002,55.318118399999996,31
0.468768932,51,11,0.7210772190162132,27.1,26.240000000000002,61.4393856,31
0.340443917,51,11,0.7210772190162132,31.9,26.240000000000002,72.32163840000001,31
0.189551188,51,11,0.7210772190162132,40.1,26.240000000000002,90.91215360000002,31
0.960010447,51,11,0.7210772190162132,1.7,26.240000000000002,3.8541312000000003,32
0.858522397,51,11,0.7210772190162132,5.6,26.240000000000002,12.6959616,32
0.814056904,51,11,0.7210772190162132,7.3,26.240000000000002,16.5500928,32
0.680257883,51,11,0.7210772190162132,11.2,26.240000000000002,25.3919232,32
0.62897501,51,11,0.7210772190162132,14,26.240000000000002,31.739903999999992,32
0.56333815,51,11,0.7210772190162132,17.9,26.240000000000002,40.58173440000001,32
0.496210306,51,11,0.7210772190162132,21.7,26.240000000000002,49.196851200000005,32
0.447725741,51,11,0.7210772190162132,24.4,26.240000000000002,55.318118399999996,32
0.42144696,51,11,0.7210772190162132,27.1,26.240000000000002,61.4393856,32
0.388688374,51,11,0.7210772190162132,31.9,26.240000000000002,72.32163840000001,32
0.328660666,51,11,0.7210772190162132,34.6,26.240000000000002,78.4429056,32
0.334483426,51,11,0.7210772190162132,37.4,26.240000000000002,84.7908864,32
1.000162516,51,11,0.7210772190162132,1.7,26.240000000000002,3.8541312000000003,33
0.807319943,51,11,0.7210772190162132,13.1,26.240000000000002,29.6994816,33
0.712569654,51,11,0.7210772190162132,14.9,26.240000000000002,33.78032640000001,33
0.704240582,51,11,0.7210772190162132,16,26.240000000000002,36.274176,33
0.985588591,51,11,0.7210772190162132,1.7,26.240000000000002,3.8541312000000003,34
0.881662584,51,11,0.7210772190162132,9.3,26.240000000000002,21.084364800000003,34
0.800141367,51,11,0.7210772190162132,13.1,26.240000000000002,29.6994816,34
0.704543312,51,11,0.7210772190162132,14.9,26.240000000000002,33.78032640000001,34
0.752669886,51,11,0.7210772190162132,16,26.240000000000002,36.274176,34
1.026809617,51,11,0.7210772190162132,1.7,26.240000000000002,3.8541312000000003,35
0.857089989,51,11,0.7210772190162132,9.3,26.240000000000002,21.084364800000003,35
0.858990561,51,11,0.7210772190162132,13.1,26.240000000000002,29.6994816,35
0.775355016,51,11,0.7210772190162132,14.9,26.240000000000002,33.78032640000001,35
0.783271155,51,11,0.7210772190162132,16,26.240000000000002,36.274176,35
0.991034038,51,11,0.7210772190162132,1.7,26.240000000000002,3.8541312000000003,36
0.924246761,51,11,0.7210772190162132,9.3,26.240000000000002,21.084364800000003,36
0.841738195,51,11,0.7210772190162132,13.1,26.240000000000002,29.6994816,36
0.729190373,51,11,0.7210772190162132,14.9,26.240000000000002,33.78032640000001,36
0.751943231,51,11,0.7210772190162132,16,26.240000000000002,36.274176,36
1.01623746,31,0,1,1.7,36.39,5.3449632000000005,37
0.923777019,31,0,1,9.3,36.39,29.2400928,37
0.903919744,31,0,1,13.1,36.39,41.187657599999994,37
0.868548971,31,0,1,14.9,36.39,46.8470304,37
0.965497301,31,0,1,1.7,36.39,5.3449632000000005,38
0.913261372,31,0,1,9.3,36.39,29.2400928,38
0.896684657,31,0,1,13.1,36.39,41.187657599999994,38
0.879529684,31,0,1,14.9,36.39,46.8470304,38
0.982055826,31,0,1,1.7,36.39,5.3449632000000005,39
0.943398316,31,0,1,9.3,36.39,29.2400928,39
0.954585733,31,0,1,13.1,36.39,41.187657599999994,39
0.946942844,31,0,1,14.9,36.39,46.8470304,39
0.977599465,31,0,1,1.7,36.39,5.3449632000000005,40
0.891117798,31,0,1,9.3,36.39,29.2400928,40
0.906831606,31,0,1,13.1,36.39,41.187657599999994,40
0.86927449,31,0,1,14.9,36.39,46.8470304,40
0.995807323,31,21,1,1.7,36.39,5.3449632000000005,41
0.881207491,31,21,1,9.3,36.39,29.2400928,41
0.741172086,31,21,1,13.1,36.39,41.187657599999994,41
0.677536569,31,21,1,14.9,36.39,46.8470304,41
0.996913933,31,21,1,1.7,36.39,5.3449632000000005,42
0.830380615,31,21,1,9.3,36.39,29.2400928,42
0.753914733,31,21,1,13.1,36.39,41.187657599999994,42
0.69813693,31,21,1,14.9,36.39,46.8470304,42
0.965972976,31,21,1,1.7,36.39,5.3449632000000005,43
0.749876714,31,21,1,9.3,36.39,29.2400928,43
0.637538219,31,21,1,13.1,36.39,41.187657599999994,43
0.570075944,31,21,1,14.9,36.39,46.8470304,43
1.024573318,31,21,1,1.7,36.39,5.3449632000000005,44
0.808774908,31,21,1,13.1,36.39,41.187657599999994,44
0.742739702,31,21,1,14.9,36.39,46.8470304,44
0.968710277,31,21,1,1.7,36.39,5.3449632000000005,45
1.008506894,31,21,1,5.6,36.39,17.6069376,45
0.914539943,31,21,1,7.3,36.39,22.9519008,45
0.915615528,31,21,1,11.2,36.39,35.2138752,45
0.930771487,31,21,1,14,36.39,44.017344,45
0.869658746,31,21,1,17.9,36.39,56.2793184,45
0.836511196,31,21,1,21.7,36.39,68.2268832,45
0.746357681,31,21,1,24.4,36.39,76.71594239999999,45
0.825168671,31,21,1,27.1,36.39,85.20500160000002,45
0.681333724,31,21,1,31.9,36.39,100.29666239999999,45
0.730321697,31,21,1,34.6,36.39,108.7857216,45
0.75114892,31,21,1,37.4,36.39,117.58919039999999,45
0.782047521,31,21,1,40.1,36.39,126.0782496,45
0.998849546,31,21,1,1.7,36.39,5.3449632000000005,46
0.909753292,31,21,1,5.6,36.39,17.6069376,46
0.877796242,31,21,1,7.3,36.39,22.9519008,46
0.923942222,31,21,1,11.2,36.39,35.2138752,46
0.893774767,31,21,1,14,36.39,44.017344,46
0.8871277,31,21,1,17.9,36.39,56.2793184,46
0.889045123,31,21,1,21.7,36.39,68.2268832,46
0.747283651,31,21,1,24.4,36.39,76.71594239999999,46
0.812476032,31,21,1,27.1,36.39,85.20500160000002,46
0.756231625,31,21,1,31.9,36.39,100.29666239999999,46
0.733478205,31,21,1,34.6,36.39,108.7857216,46
0.752652435,31,21,1,37.4,36.39,117.58919039999999,46
0.785887767,31,21,1,40.1,36.39,126.0782496,46
0.867482951,31,21,1,1.7,36.39,5.3449632000000005,47
0.928549287,31,21,1,5.6,36.39,17.6069376,47
1.036267824,31,21,1,7.3,36.39,22.9519008,47
0.935523869,31,21,1,11.2,36.39,35.2138752,47
0.836639802,31,21,1,14,36.39,44.017344,47
0.808121513,31,21,1,17.9,36.39,56.2793184,47
0.765034098,31,21,1,21.7,36.39,68.2268832,47
0.679789213,31,21,1,24.4,36.39,76.71594239999999,47
0.689243645,31,21,1,27.1,36.39,85.20500160000002,47
0.690483571,31,21,1,31.9,36.39,100.29666239999999,47
0.767978921,31,21,1,34.6,36.39,108.7857216,47
0.763639182,31,21,1,37.4,36.39,117.58919039999999,47
0.734655921,31,21,1,40.1,36.39,126.0782496,47
0.967562879,31,21,1,1.7,36.39,5.3449632000000005,48
0.98074588,31,21,1,5.6,36.39,17.6069376,48
0.92575889,31,21,1,7.3,36.39,22.9519008,48
0.886036427,31,21,1,11.2,36.39,35.2138752,48
0.863486557,31,21,1,14,36.39,44.017344,48
0.898699046,31,21,1,17.9,36.39,56.2793184,48
0.844579358,31,21,1,21.7,36.39,68.2268832,48
0.798265395,31,21,1,24.4,36.39,76.71594239999999,48
0.784562012,31,21,1,27.1,36.39,85.20500160000002,48
0.778837814,31,21,1,31.9,36.39,100.29666239999999,48
0.701474415,31,21,1,34.6,36.39,108.7857216,48
0.685169124,31,21,1,37.4,36.39,117.58919039999999,48
0.666435386,31,21,1,40.1,36.39,126.0782496,48
1.003212851,31,0,1,1.7,36.39,5.3449632000000005,49
0.949698795,31,0,1,5.6,36.39,17.6069376,49
0.931827309,31,0,1,7.3,36.39,22.9519008,49
0.900702811,31,0,1,11.2,36.39,35.2138752,49
0.877710843,31,0,1,14,36.39,44.017344,49
0.859136546,31,0,1,17.9,36.39,56.2793184,49
0.784437751,31,0,1,21.7,36.39,68.2268832,49
0.834738956,31,0,1,24.4,36.39,76.71594239999999,49
0.809538153,31,0,1,27.1,36.39,85.20500160000002,49
0.809538153,31,0,1,31.9,36.39,100.29666239999999,49
0.792971888,31,0,1,34.6,36.39,108.7857216,49
0.78373494,31,0,1,37.4,36.39,117.58919039999999,49
0.814056225,31,0,1,40.1,36.39,126.0782496,49
0.980578827,31,0,1,1.7,36.39,5.3449632000000005,50
0.907717695,31,0,1,5.6,36.39,17.6069376,50
0.888296522,31,0,1,7.3,36.39,22.9519008,50
0.868113734,31,0,1,11.2,36.39,35.2138752,50
0.846153846,31,0,1,14,36.39,44.017344,50
0.831429297,31,0,1,17.9,36.39,56.2793184,50
0.802361005,31,0,1,21.7,36.39,68.2268832,50
0.801853262,31,0,1,24.4,36.39,76.71594239999999,50
0.767453668,31,0,1,27.1,36.39,85.20500160000002,50
0.788271135,31,0,1,31.9,36.39,100.29666239999999,50
0.752729119,31,0,1,34.6,36.39,108.7857216,50
0.743335872,31,0,1,37.4,36.39,117.58919039999999,50
0.752602183,31,0,1,40.1,36.39,126.0782496,50
0.995049505,31,0,1,1.7,36.39,5.3449632000000005,51
1.030241068,31,0,1,5.6,36.39,17.6069376,51
0.899698666,31,0,1,7.3,36.39,22.9519008,51
0.877959535,31,0,1,11.2,36.39,35.2138752,51
0.809836418,31,0,1,14,36.39,44.017344,51
0.68456737,31,0,1,17.9,36.39,56.2793184,51
0.98999139,31,0,1,21.7,36.39,68.2268832,51
0.80951356,31,0,1,24.4,36.39,76.71594239999999,51
0.844705123,31,0,1,27.1,36.39,85.20500160000002,51
0.773999139,31,0,1,31.9,36.39,100.29666239999999,51
0.841046061,31,0,1,34.6,36.39,108.7857216,51
0.767757211,31,0,1,37.4,36.39,117.58919039999999,51
0.681231167,31,0,1,40.1,36.39,126.0782496,51
0.986090776,31,0,1,1.7,36.39,5.3449632000000005,52
0.939238653,31,0,1,5.6,36.39,17.6069376,52
0.92878059,31,0,1,7.3,36.39,22.9519008,52
0.878058983,31,0,1,11.2,36.39,35.2138752,52
0.864045179,31,0,1,14,36.39,44.017344,52
0.856933696,31,0,1,17.9,36.39,56.2793184,52
0.851913826,31,0,1,21.7,36.39,68.2268832,52
0.882555951,31,0,1,24.4,36.39,76.71594239999999,52
0.834867183,31,0,1,27.1,36.39,85.20500160000002,52
0.819807572,31,0,1,31.9,36.39,100.29666239999999,52
0.807362476,31,0,1,34.6,36.39,108.7857216,52
0.798263962,31,0,1,37.4,36.39,117.58919039999999,52
0.751934742,31,0,1,40.1,36.39,126.0782496,52
1.000987167,31,21,1,1.7,36.39,5.3449632000000005,53
0.990269356,31,21,1,5.6,36.39,17.6069376,53
0.994500071,31,21,1,7.3,36.39,22.9519008,53
0.936821323,31,21,1,11.2,36.39,35.2138752,53
0.887462981,31,21,1,14,36.39,44.017344,53
0.899591031,31,21,1,17.9,36.39,56.2793184,53
0.877450289,31,21,1,21.7,36.39,68.2268832,53
0.902693555,31,21,1,24.4,36.39,76.71594239999999,53
0.833027782,31,21,1,27.1,36.39,85.20500160000002,53
0.889437315,31,21,1,31.9,36.39,100.29666239999999,53
0.822733042,31,21,1,34.6,36.39,108.7857216,53
0.820194613,31,21,1,37.4,36.39,117.58919039999999,53
0.698956424,31,21,1,40.1,36.39,126.0782496,53
1.000829944,31,21,1,1.7,36.39,5.3449632000000005,54
0.946136609,31,21,1,5.6,36.39,17.6069376,54
0.962818491,31,21,1,7.3,36.39,22.9519008,54
0.96074363,31,21,1,11.2,36.39,35.2138752,54
0.956427919,31,21,1,14,36.39,44.017344,54
0.823719811,31,21,1,17.9,36.39,56.2793184,54
0.927130882,31,21,1,21.7,36.39,68.2268832,54
0.849033115,31,21,1,24.4,36.39,76.71594239999999,54
0.97626359,31,21,1,31.9,36.39,100.29666239999999,54
0.843555482,31,21,1,34.6,36.39,108.7857216,54
0.931031621,31,21,1,37.4,36.39,117.58919039999999,54
0.801311312,31,21,1,40.1,36.39,126.0782496,54
1.018260517,31,21,1,1.7,36.39,5.3449632000000005,55
0.924658461,31,21,1,5.6,36.39,17.6069376,55
0.893006898,31,21,1,7.3,36.39,22.9519008,55
0.861220073,31,21,1,11.2,36.39,35.2138752,55
0.854727445,31,21,1,14,36.39,44.017344,55
0.921403349,31,21,1,1.7,36.39,5.3449632000000005,56
0.913885408,31,21,1,5.6,36.39,17.6069376,56
0.870828113,31,21,1,7.3,36.39,22.9519008,56
0.806356077,31,21,1,11.2,36.39,35.2138752,56
0.880396401,31,21,1,14,36.39,44.017344,56
0.892926301,31,21,1,17.9,36.39,56.2793184,56
0.852261078,31,21,1,21.7,36.39,68.2268832,56
0.835060941,31,21,1,27.1,36.39,85.20500160000002,56
0.689144549,31,21,1,31.9,36.39,100.29666239999999,56
0.775600866,31,21,1,34.6,36.39,108.7857216,56
0.668641075,31,21,1,37.4,36.39,117.58919039999999,56
0.982104649,41,0,1,2,36.39,6.288192,57
0.940089477,41,0,1,2.1,36.39,6.602601600000001,57
0.898560591,41,0,1,4.8,36.39,15.0916608,57
0.815104065,41,0,1,10.8,36.39,33.956236800000006,57
0.79974713099999994,41,0,1,11.5,36.39,36.15710399999999,57
0.725734293,41,0,1,16.5,36.39,51.877584000000006,57
0.69655709,41,0,1,20.7,36.39,65.0827872,57
0.655417234,41,0,1,23.2,36.39,72.94302719999999,57
0.62993581,41,0,1,26,36.39,81.746496,57
0.580820852,41,0,1,29.9,36.39,94.00847040000001,57
0.550379304,41,0,1,31.6,36.39,99.3534336,57
0.533553783,41,0,1,38.3,36.39,120.41887679999998,57
0.419081891,41,0,1,43.2,36.39,135.82494720000003,57
0.380276211,41,0,1,51.6,36.39,162.2353536,57
0.994856524,41,0,1,2,36.39,6.288192,58
0.964266378,41,0,1,2.1,36.39,6.602601600000001,58
0.932187331,41,0,1,4.8,36.39,15.0916608,58
0.858500271,41,0,1,10.8,36.39,33.956236800000006,58
0.841635084,41,0,1,11.5,36.39,36.15710399999999,58
0.787357878,41,0,1,16.5,36.39,51.877584000000006,58
0.759474824,41,0,1,20.7,36.39,65.0827872,58
0.726719004,41,0,1,23.2,36.39,72.94302719999999,58
0.714537087,41,0,1,26,36.39,81.746496,58
0.667433676,41,0,1,29.9,36.39,94.00847040000001,58
0.627504061,41,0,1,31.6,36.39,99.3534336,58
0.579588522,41,0,1,38.3,36.39,120.41887679999998,58
0.510963725,41,0,1,43.2,36.39,135.82494720000003,58
0.481727125,41,0,1,51.6,36.39,162.2353536,58
0.935596447,41,0,1,2,36.39,6.288192,59
0.885998308,41,0,1,2.1,36.39,6.602601600000001,59
0.8428511,41,0,1,4.8,36.39,15.0916608,59
0.763927665,41,0,1,10.8,36.39,33.956236800000006,59
0.747461929,41,0,1,11.5,36.39,36.15710399999999,59
0.715947547,41,0,1,16.5,36.39,51.877584000000006,59
0.681049069,41,0,1,20.7,36.39,65.0827872,59
0.651861252,41,0,1,23.2,36.39,72.94302719999999,59
0.64498731,41,0,1,26,36.39,81.746496,59
0.62891286,41,0,1,29.9,36.39,94.00847040000001,59
0.593168359,41,0,1,31.6,36.39,99.3534336,59
0.530139594,41,0,1,38.3,36.39,120.41887679999998,59
0.506239425,41,0,1,43.2,36.39,135.82494720000003,59
0.474196277,41,0,1,51.6,36.39,162.2353536,59
0.960400167,41,0,1,2,36.39,6.288192,60
0.91642351,41,0,1,2.1,36.39,6.602601600000001,60
0.878282618,41,0,1,4.8,36.39,15.0916608,60
0.802303043,41,0,1,10.8,36.39,33.956236800000006,60
0.789912464,41,0,1,11.5,36.39,36.15710399999999,60
0.73770321,41,0,1,16.5,36.39,51.877584000000006,60
0.703730721,41,0,1,20.7,36.39,65.0827872,60
0.670175073,41,0,1,23.2,36.39,72.94302719999999,60
0.647353064,41,0,1,26,36.39,81.746496,60
0.615881617,41,0,1,29.9,36.39,94.00847040000001,60
0.592955398,41,0,1,31.6,36.39,99.3534336,60
0.525427261,41,0,1,38.3,36.39,120.41887679999998,60
0.466131722,41,0,1,43.2,36.39,135.82494720000003,60
0.437057107,41,0,1,51.6,36.39,162.2353536,60
0.75862069,41,21,1,2,36.39,6.288192,61
0.860027223,41,21,1,2.1,36.39,6.602601600000001,61
0.75011343,41,21,1,4.8,36.39,15.0916608,61
0.676395191,41,21,1,10.8,36.39,33.956236800000006,61
0.676837568,41,21,1,11.5,36.39,36.15710399999999,61
0.613316697,41,21,1,16.5,36.39,51.877584000000006,61
0.581783122,41,21,1,20.7,36.39,65.0827872,61
0.564541742,41,21,1,23.2,36.39,72.94302719999999,61
0.552291289,41,21,1,26,36.39,81.746496,61
0.758578294,41,21,1,2,36.39,6.288192,62
0.783838158,41,21,1,2.1,36.39,6.602601600000001,62
0.700793562,41,21,1,4.8,36.39,15.0916608,62
0.627763496,41,21,1,10.8,36.39,33.956236800000006,62
0.593159718,41,21,1,11.5,36.39,36.15710399999999,62
0.559740695,41,21,1,16.5,36.39,51.877584000000006,62
0.539398681,41,21,1,20.7,36.39,65.0827872,62
0.525986364,41,21,1,23.2,36.39,72.94302719999999,62
0.502961887,41,21,1,26,36.39,81.746496,62
0.870943638,41,21,1,2,36.39,6.288192,63
0.824722459,41,21,1,2.1,36.39,6.602601600000001,63
0.764090521,41,21,1,4.8,36.39,15.0916608,63
0.6316076,41,21,1,10.8,36.39,33.956236800000006,63
0.618168232,41,21,1,11.5,36.39,36.15710399999999,63
0.563620837,41,21,1,16.5,36.39,51.877584000000006,63
0.513343296,41,21,1,20.7,36.39,65.0827872,63
0.481959863,41,21,1,23.2,36.39,72.94302719999999,63
0.467976089,41,21,1,26,36.39,81.746496,63
0.880624515,41,21,1,1.7,36.39,5.3449632000000005,64
0.782971296,41,21,1,5.6,36.39,17.6069376,64
0.749612102,41,21,1,7.3,36.39,22.9519008,64
0.708010085,41,21,1,11.2,36.39,35.2138752,64
0.675329713,41,21,1,14,36.39,44.017344,64
0.651280062,41,21,1,17.9,36.39,56.2793184,64
0.640224981,41,21,1,21.7,36.39,68.2268832,64
0.637024825,41,21,1,24.4,36.39,76.71594239999999,64
0.601920093,41,21,1,27.1,36.39,85.20500160000002,64
0.572827773,41,21,1,31.9,36.39,100.29666239999999,64
0.544220326,41,21,1,34.6,36.39,108.7857216,64
0.527831652,41,21,1,37.4,36.39,117.58919039999999,64
0.536171451,41,21,1,40.1,36.39,126.0782496,64
0.90504781,41,21,1,1.7,36.39,5.3449632000000005,65
0.810206805,41,21,1,5.6,36.39,17.6069376,65
0.778630198,41,21,1,7.3,36.39,22.9519008,65
0.742272626,41,21,1,11.2,36.39,35.2138752,65
0.70135646,41,21,1,14,36.39,44.017344,65
0.693684679,41,21,1,17.9,36.39,56.2793184,65
0.679008228,41,21,1,21.7,36.39,68.2268832,65
0.578830331,41,21,1,24.4,36.39,76.71594239999999,65
0.645096731,41,21,1,27.1,36.39,85.20500160000002,65
0.589392929,41,21,1,31.9,36.39,100.29666239999999,65
0.581165221,41,21,1,34.6,36.39,108.7857216,65
0.529464087,41,21,1,37.4,36.39,117.58919039999999,65
0.526350901,41,21,1,40.1,36.39,126.0782496,65
0.861001164,41,21,1,1.7,36.39,5.3449632000000005,66
0.786146682,41,21,1,5.6,36.39,17.6069376,66
0.769150175,41,21,1,7.3,36.39,22.9519008,66
0.69685681,41,21,1,11.2,36.39,35.2138752,66
0.653899884,41,21,1,14,36.39,44.017344,66
0.624912689,41,21,1,17.9,36.39,56.2793184,66
0.618859139,41,21,1,21.7,36.39,68.2268832,66
0.554947614,41,21,1,27.1,36.39,85.20500160000002,66
0.502677532,41,21,1,31.9,36.39,100.29666239999999,66
0.454714785,41,21,1,34.6,36.39,108.7857216,66
0.915375022,41,21,1,1.7,36.39,5.3449632000000005,67
0.865312667,41,21,1,5.6,36.39,17.6069376,67
0.805986104,41,21,1,7.3,36.39,22.9519008,67
0.679850347,41,21,1,11.2,36.39,35.2138752,67
0.73178336,41,21,1,14,36.39,44.017344,67
0.693479423,41,21,1,17.9,36.39,56.2793184,67
0.700962052,41,21,1,21.7,36.39,68.2268832,67
0.685907714,41,21,1,24.4,36.39,76.71594239999999,67
0.688134687,41,21,1,27.1,36.39,85.20500160000002,67
0.638963121,41,21,1,31.9,36.39,100.29666239999999,67
0.632014965,41,21,1,34.6,36.39,108.7857216,67
0.622127205,41,21,1,37.4,36.39,117.58919039999999,67
0.613664707,41,21,1,40.1,36.39,126.0782496,67
0.995494932,41,0,1,1.7,36.39,5.3449632000000005,68
0.930421724,41,0,1,9.3,36.39,29.2400928,68
0.815292204,41,0,1,13.1,36.39,41.187657599999994,68
0.760105118,41,0,1,14.9,36.39,46.8470304,68
0.742710549,41,0,1,16,36.39,50.305536,68
0.991866392,41,0,1,1.7,36.39,5.3449632000000005,69
0.937859234,41,0,1,9.3,36.39,29.2400928,69
0.841882659,41,0,1,13.1,36.39,41.187657599999994,69
0.79600911,41,0,1,14.9,36.39,46.8470304,69
0.782886889,41,0,1,16,36.39,50.305536,69
1.00136612,41,0,1,1.7,36.39,5.3449632000000005,70
0.915052161,41,0,1,9.3,36.39,29.2400928,70
0.828365623,41,0,1,13.1,36.39,41.187657599999994,70
0.804396423,41,0,1,14.9,36.39,46.8470304,70
0.792349727,41,0,1,16,36.39,50.305536,70
0.994145199,41,0,1,1.7,36.39,5.3449632000000005,71
0.935171386,41,0,1,9.3,36.39,29.2400928,71
0.826165638,41,0,1,13.1,36.39,41.187657599999994,71
0.781136896,41,0,1,14.9,36.39,46.8470304,71
0.76900149,41,0,1,16,36.39,50.305536,71
1.003062583,41,21,1,1.7,36.39,5.3449632000000005,72
0.881491345,41,21,1,9.3,36.39,29.2400928,72
0.785352863,41,21,1,13.1,36.39,41.187657599999994,72
0.724900133,41,21,1,14.9,36.39,46.8470304,72
0.69253,41,21,1,16,36.39,50.305536,72
1.00232342,41,21,1,1.7,36.39,5.3449632000000005,73
0.817998761,41,21,1,9.3,36.39,29.2400928,73
0.724752169,41,21,1,13.1,36.39,41.187657599999994,73
0.715613383,41,21,1,14.9,36.39,46.8470304,73
0.747521685,41,21,1,16,36.39,50.305536,73
0.999010636,41,21,1,1.7,36.39,5.3449632000000005,74
0.822038091,41,21,1,9.3,36.39,29.2400928,74
0.781350482,41,21,1,13.1,36.39,41.187657599999994,74
0.789141726,41,21,1,14.9,36.39,46.8470304,74
0.795201583,41,21,1,16,36.39,50.305536,74
0.99843052,41,21,1,1.7,36.39,5.3449632000000005,75
0.849088495,41,21,1,9.3,36.39,29.2400928,75
0.712664494,41,21,1,13.1,36.39,41.187657599999994,75
0.691174695,41,21,1,14.9,36.39,46.8470304,75
0.692502716,41,21,1,16,36.39,50.305536,75
0.76121563,51,0,1,3,36.39,9.432288,76
0.668596237,51,0,1,5.8,36.39,18.235756799999997,76
0.575976845,51,0,1,8.5,36.39,26.724816,76
0.424023155,51,0,1,11.4,36.39,35.8426944,76
0.387843705,51,0,1,13.2,36.39,41.5020672,76
0.205499276,51,0,1,18.9,36.39,59.4234144,76
0.811145511,51,0,1,3,36.39,9.432288,77
0.698142415,51,0,1,5.8,36.39,18.235756799999997,77
0.620743034,51,0,1,8.5,36.39,26.724816,77
0.473684211,51,0,1,11.4,36.39,35.8426944,77
0.436532508,51,0,1,13.2,36.39,41.5020672,77
0.236842105,51,0,1,18.9,36.39,59.4234144,77
0.86417657,51,0,1,3,36.39,9.432288,78
0.753820034,51,0,1,5.8,36.39,18.235756799999997,78
0.655348048,51,0,1,8.5,36.39,26.724816,78
0.466893039,51,0,1,11.4,36.39,35.8426944,78
0.441426146,51,0,1,13.2,36.39,41.5020672,78
0.21901528,51,0,1,18.9,36.39,59.4234144,78
0.675174014,51,0,1,3,36.39,9.432288,79
0.560324826,51,0,1,5.8,36.39,18.235756799999997,79
0.502320186,51,0,1,8.5,36.39,26.724816,79
0.411832947,51,0,1,11.4,36.39,35.8426944,79
0.387470998,51,0,1,13.2,36.39,41.5020672,79
0.218097448,51,0,1,18.9,36.39,59.4234144,79
0.669683258,51,21,1,3,36.39,9.432288,80
0.371040724,51,21,1,5.8,36.39,18.235756799999997,80
0.269984917,51,21,1,8.5,36.39,26.724816,80
0.129713424,51,21,1,11.4,36.39,35.8426944,80
0.104072398,51,21,1,13.2,36.39,41.5020672,80
0.013574661,51,21,1,18.9,36.39,59.4234144,80
0.678846154,51,21,1,3,36.39,9.432288,81
0.546153846,51,21,1,5.8,36.39,18.235756799999997,81
0.750405186,51,21,1,3,36.39,9.432288,82
0.555915721,51,21,1,5.8,36.39,18.235756799999997,82
0.460291734,51,21,1,8.5,36.39,26.724816,82
0.306320908,51,21,1,11.4,36.39,35.8426944,82
0.273905997,51,21,1,13.2,36.39,41.5020672,82
0.158833063,51,21,1,18.9,36.39,59.4234144,82
0.805084746,51,21,1,5.8,36.39,18.235756799999997,83
0.56779661,51,21,1,8.5,36.39,26.724816,83
1.001488686,31,11,0.7210772190162132,2,26.240000000000002,4.534272,84
0.901349742,31,11,0.7210772190162132,5.7,26.240000000000002,12.922675200000002,84
0.863834855,31,11,0.7210772190162132,9.5,26.240000000000002,21.537792000000003,84
0.812524811,31,11,0.7210772190162132,15.4,26.240000000000002,34.913894400000004,84
0.725089321,31,11,0.7210772190162132,20.3,26.240000000000002,46.022860800000004,84
0.719928543,31,11,0.7210772190162132,22.1,26.240000000000002,50.10370560000002,84
0.727768956,31,11,0.7210772190162132,26.9,26.240000000000002,60.98595840000001,84
0.675069472,31,11,0.7210772190162132,28.6,26.240000000000002,64.84008960000001,84
0.627729258,31,11,0.7210772190162132,33.4,26.240000000000002,75.7223424,84
1.021954585,31,11,0.7210772190162132,2,26.240000000000002,4.534272,85
1.043909171,31,11,0.7210772190162132,5.7,26.240000000000002,12.922675200000002,85
1.11905658,31,11,0.7210772190162132,9.5,26.240000000000002,21.537792000000003,85
0.996110902,31,11,0.7210772190162132,15.4,26.240000000000002,34.913894400000004,85
0.937648978,31,11,0.7210772190162132,20.3,26.240000000000002,46.022860800000004,85
0.931125329,31,11,0.7210772190162132,22.1,26.240000000000002,50.10370560000002,85
0.943921716,31,11,0.7210772190162132,26.9,26.240000000000002,60.98595840000001,85
0.805294191,31,11,0.7210772190162132,28.6,26.240000000000002,64.84008960000001,85
0.812696023,31,11,0.7210772190162132,33.4,26.240000000000002,75.7223424,85
1.002523432,31,11,0.7210772190162132,2,26.240000000000002,4.534272,86
0.896539293,31,11,0.7210772190162132,5.7,26.240000000000002,12.922675200000002,86
0.867820236,31,11,0.7210772190162132,9.5,26.240000000000002,21.537792000000003,86
0.791155972,31,11,0.7210772190162132,15.4,26.240000000000002,34.913894400000004,86
0.871780046,31,11,0.7210772190162132,2,26.240000000000002,4.534272,87
1.024162717,31,11,0.7210772190162132,5.7,26.240000000000002,12.922675200000002,87
1.117832844,31,11,0.7210772190162132,9.5,26.240000000000002,21.537792000000003,87
1.069513095,31,11,0.7210772190162132,15.4,26.240000000000002,34.913894400000004,87
0.949253609,31,11,0.7210772190162132,20.3,26.240000000000002,46.022860800000004,87
0.943854755,31,11,0.7210772190162132,22.1,26.240000000000002,50.10370560000002,87
0.938185957,31,11,0.7210772190162132,26.9,26.240000000000002,60.98595840000001,87
0.888921409,31,11,0.7210772190162132,28.6,26.240000000000002,64.84008960000001,87
0.783778716,31,11,0.7210772190162132,33.4,26.240000000000002,75.7223424,87
1.034032004,31,0,0.7210772190162132,2,26.240000000000002,4.534272,88
1.012959207,31,0,0.7210772190162132,5.7,26.240000000000002,12.922675200000002,88
0.972729322,31,0,0.7210772190162132,9.5,26.240000000000002,21.537792000000003,88
0.967996394,31,0,0.7210772190162132,15.4,26.240000000000002,34.913894400000004,88
0.937457742,31,0,0.7210772190162132,20.3,26.240000000000002,46.022860800000004,88
0.931823304,31,0,0.7210772190162132,22.1,26.240000000000002,50.10370560000002,88
0.916272256,31,0,0.7210772190162132,26.9,26.240000000000002,60.98595840000001,88
0.903200361,31,0,0.7210772190162132,28.6,26.240000000000002,64.84008960000001,88
0.89508677,31,0,0.7210772190162132,33.4,26.240000000000002,75.7223424,88
1.005562423,31,0,0.7210772190162132,2,26.240000000000002,4.534272,89
0.976668727,31,0,0.7210772190162132,5.7,26.240000000000002,12.922675200000002,89
0.946229913,31,0,0.7210772190162132,9.5,26.240000000000002,21.537792000000003,89
0.941285538,31,0,0.7210772190162132,15.4,26.240000000000002,34.913894400000004,89
0.902657602,31,0,0.7210772190162132,20.3,26.240000000000002,46.022860800000004,89
0.89894932,31,0,0.7210772190162132,22.1,26.240000000000002,50.10370560000002,89
0.856149567,31,0,0.7210772190162132,26.9,26.240000000000002,60.98595840000001,89
0.866656366,31,0,0.7210772190162132,28.6,26.240000000000002,64.84008960000001,89
0.86078492,31,0,0.7210772190162132,33.4,26.240000000000002,75.7223424,89
1.005537669,31,0,0.7210772190162132,2,26.240000000000002,4.534272,90
0.941790084,31,0,0.7210772190162132,5.7,26.240000000000002,12.922675200000002,90
0.89916291,31,0,0.7210772190162132,9.5,26.240000000000002,21.537792000000003,90
0.720283323,31,0,0.7210772190162132,15.4,26.240000000000002,34.913894400000004,90
0.826658081,31,0,0.7210772190162132,20.3,26.240000000000002,46.022860800000004,90
0.815325177,31,0,0.7210772190162132,22.1,26.240000000000002,50.10370560000002,90
0.798969736,31,0,0.7210772190162132,26.9,26.240000000000002,60.98595840000001,90
0.786606568,31,0,0.7210772190162132,28.6,26.240000000000002,64.84008960000001,90
0.716419833,31,0,0.7210772190162132,33.4,26.240000000000002,75.7223424,90
1.088904174,31,0,0.7210772190162132,2,26.240000000000002,4.534272,91
0.947146802,31,0,0.7210772190162132,5.7,26.240000000000002,12.922675200000002,91
0.999256988,31,0,0.7210772190162132,9.5,26.240000000000002,21.537792000000003,91
1.000361018,31,0,0.7210772190162132,15.4,26.240000000000002,34.913894400000004,91
0.959622334,31,0,0.7210772190162132,20.3,26.240000000000002,46.022860800000004,91
0.953881381,31,0,0.7210772190162132,22.1,26.240000000000002,50.10370560000002,91
0.91888365,31,0,0.7210772190162132,26.9,26.240000000000002,60.98595840000001,91
0.990424753,31,0,0.7210772190162132,28.6,26.240000000000002,64.84008960000001,91
0.962051198,31,0,0.7210772190162132,33.4,26.240000000000002,75.7223424,91
0.97425829,31,21,0.7210772190162132,2,26.240000000000002,4.534272,92
0.894124491,31,21,0.7210772190162132,5.7,26.240000000000002,12.922675200000002,92
0.844386271,31,21,0.7210772190162132,9.5,26.240000000000002,21.537792000000003,92
0.800465387,31,21,0.7210772190162132,15.4,26.240000000000002,34.913894400000004,92
0.779086678,31,21,0.7210772190162132,20.3,26.240000000000002,46.022860800000004,92
0.752617801,31,21,0.7210772190162132,22.1,26.240000000000002,50.10370560000002,92
0.75814427,31,21,0.7210772190162132,26.9,26.240000000000002,60.98595840000001,92
0.737492728,31,21,0.7210772190162132,28.6,26.240000000000002,64.84008960000001,92
0.741710297,31,21,0.7210772190162132,33.4,26.240000000000002,75.7223424,92
1.075906736,31,21,0.7210772190162132,2,26.240000000000002,4.534272,93
1.130397237,31,21,0.7210772190162132,5.7,26.240000000000002,12.922675200000002,93
1.099827288,31,21,0.7210772190162132,9.5,26.240000000000002,21.537792000000003,93
0.907109635,31,21,0.7210772190162132,2,26.240000000000002,4.534272,94
0.859534884,31,21,0.7210772190162132,5.7,26.240000000000002,12.922675200000002,94
0.815282392,31,21,0.7210772190162132,9.5,26.240000000000002,21.537792000000003,94
0.826312292,31,21,0.7210772190162132,15.4,26.240000000000002,34.913894400000004,94
0.77833887,31,21,0.7210772190162132,20.3,26.240000000000002,46.022860800000004,94
0.780730897,31,21,0.7210772190162132,22.1,26.240000000000002,50.10370560000002,94
0.764385382,31,21,0.7210772190162132,26.9,26.240000000000002,60.98595840000001,94
0.755880399,31,21,0.7210772190162132,28.6,26.240000000000002,64.84008960000001,94
0.749767442,31,21,0.7210772190162132,33.4,26.240000000000002,75.7223424,94
0.992989249,31,21,0.7210772190162132,2,26.240000000000002,4.534272,95
0.951172683,31,21,0.7210772190162132,5.7,26.240000000000002,12.922675200000002,95
0.948212218,31,21,0.7210772190162132,9.5,26.240000000000002,21.537792000000003,95
0.8880161,31,21,0.7210772190162132,20.3,26.240000000000002,46.022860800000004,95
0.858288099,31,21,0.7210772190162132,22.1,26.240000000000002,50.10370560000002,95
0.867539552,31,21,0.7210772190162132,26.9,26.240000000000002,60.98595840000001,95
0.831643915,31,21,0.7210772190162132,28.6,26.240000000000002,64.84008960000001,95
0.838675019,31,21,0.7210772190162132,33.4,26.240000000000002,75.7223424,95
1.039873365,51,0,0.7210772190162132,2,26.240000000000002,4.534272,96
0.940124832,51,0,0.7210772190162132,5.7,26.240000000000002,12.922675200000002,96
0.828770122,51,0,0.7210772190162132,9.5,26.240000000000002,21.537792000000003,96
0.712339264,51,0,0.7210772190162132,15.4,26.240000000000002,34.913894400000004,96
0.554862213,51,0,0.7210772190162132,20.3,26.240000000000002,46.022860800000004,96
0.505586517,51,0,0.7210772190162132,22.1,26.240000000000002,50.10370560000002,96
0.444504567,51,0,0.7210772190162132,26.9,26.240000000000002,60.98595840000001,96
0.416085501,51,0,0.7210772190162132,28.6,26.240000000000002,64.84008960000001,96
0.406905204,51,0,0.7210772190162132,33.4,26.240000000000002,75.7223424,96
1.01832267,51,0,0.7210772190162132,2,26.240000000000002,4.534272,97
0.964995552,51,0,0.7210772190162132,5.7,26.240000000000002,12.922675200000002,97
0.872982062,51,0,0.7210772190162132,9.5,26.240000000000002,21.537792000000003,97
0.792570173,51,0,0.7210772190162132,15.4,26.240000000000002,34.913894400000004,97
0.652097647,51,0,0.7210772190162132,20.3,26.240000000000002,46.022860800000004,97
0.610895504,51,0,0.7210772190162132,22.1,26.240000000000002,50.10370560000002,97
0.549075528,51,0,0.7210772190162132,26.9,26.240000000000002,60.98595840000001,97
0.514700129,51,0,0.7210772190162132,28.6,26.240000000000002,64.84008960000001,97
0.504029704,51,0,0.7210772190162132,33.4,26.240000000000002,75.7223424,97
1.007672846,51,0,0.7210772190162132,2,26.240000000000002,4.534272,98
0.950010332,51,0,0.7210772190162132,5.7,26.240000000000002,12.922675200000002,98
0.870890848,51,0,0.7210772190162132,9.5,26.240000000000002,21.537792000000003,98
0.807190256,51,0,0.7210772190162132,15.4,26.240000000000002,34.913894400000004,98
0.679960501,51,0,0.7210772190162132,20.3,26.240000000000002,46.022860800000004,98
0.648322386,51,0,0.7210772190162132,22.1,26.240000000000002,50.10370560000002,98
0.589058215,51,0,0.7210772190162132,26.9,26.240000000000002,60.98595840000001,98
0.552329196,51,0,0.7210772190162132,28.6,26.240000000000002,64.84008960000001,98
0.542644838,51,0,0.7210772190162132,33.4,26.240000000000002,75.7223424,98
0.980916646,51,0,0.7210772190162132,2,26.240000000000002,4.534272,99
0.898906163,51,0,0.7210772190162132,5.7,26.240000000000002,12.922675200000002,99
0.794419221,51,0,0.7210772190162132,9.5,26.240000000000002,21.537792000000003,99
0.689991258,51,0,0.7210772190162132,15.4,26.240000000000002,34.913894400000004,99
0.556842991,51,0,0.7210772190162132,20.3,26.240000000000002,46.022860800000004,99
0.508897719,51,0,0.7210772190162132,22.1,26.240000000000002,50.10370560000002,99
0.457427991,51,0,0.7210772190162132,26.9,26.240000000000002,60.98595840000001,99
0.422252016,51,0,0.7210772190162132,28.6,26.240000000000002,64.84008960000001,99
0.408950941,51,0,0.7210772190162132,33.4,26.240000000000002,75.7223424,99
0.778108317,51,21,0.7210772190162132,2,26.240000000000002,4.534272,100
0.671443415,51,21,0.7210772190162132,5.7,26.240000000000002,12.922675200000002,100
0.593001073,51,21,0.7210772190162132,9.5,26.240000000000002,21.537792000000003,100
0.513568491,51,21,0.7210772190162132,15.4,26.240000000000002,34.913894400000004,100
0.447614641,51,21,0.7210772190162132,20.3,26.240000000000002,46.022860800000004,100
0.423762873,51,21,0.7210772190162132,22.1,26.240000000000002,50.10370560000002,100
0.388043331,51,21,0.7210772190162132,26.9,26.240000000000002,60.98595840000001,100
0.360758867,51,21,0.7210772190162132,28.6,26.240000000000002,64.84008960000001,100
0.345194022,51,21,0.7210772190162132,33.4,26.240000000000002,75.7223424,100
0.211349326,51,21,0.7210772190162132,39.3,26.240000000000002,89.09844480000001,100
0.140752421,51,21,0.7210772190162132,45,26.240000000000002,102.02112000000001,100
0.136792327,51,21,0.7210772190162132,46.7,26.240000000000002,105.87525120000001,100
0.064226775,51,21,0.7210772190162132,51.5,26.240000000000002,116.75750400000001,100
0.885105786,51,21,0.7210772190162132,2,26.240000000000002,4.534272,101
0.77075387,51,21,0.7210772190162132,5.7,26.240000000000002,12.922675200000002,101
0.689892216,51,21,0.7210772190162132,9.5,26.240000000000002,21.537792000000003,101
0.581081553,51,21,0.7210772190162132,20.3,26.240000000000002,46.022860800000004,101
0.4871269,51,21,0.7210772190162132,22.1,26.240000000000002,50.10370560000002,101
0.53708408,51,21,0.7210772190162132,26.9,26.240000000000002,60.98595840000001,101
0.472226963,51,21,0.7210772190162132,28.6,26.240000000000002,64.84008960000001,101
0.503279205,51,21,0.7210772190162132,33.4,26.240000000000002,75.7223424,101
0.303323855,51,21,0.7210772190162132,39.3,26.240000000000002,89.09844480000001,101
0.250014411,51,21,0.7210772190162132,45,26.240000000000002,102.02112000000001,101
0.250725306,51,21,0.7210772190162132,46.7,26.240000000000002,105.87525120000001,101
0.140335598,51,21,0.7210772190162132,51.5,26.240000000000002,116.75750400000001,101
0.987674782,51,21,0.7210772190162132,2,26.240000000000002,4.534272,102
0.951705891,51,21,0.7210772190162132,5.7,26.240000000000002,12.922675200000002,102
0.876376897,51,21,0.7210772190162132,9.5,26.240000000000002,21.537792000000003,102
0.827115057,51,21,0.7210772190162132,15.4,26.240000000000002,34.913894400000004,102
0.725864088,51,21,0.7210772190162132,20.3,26.240000000000002,46.022860800000004,102
0.716467248,51,21,0.7210772190162132,22.1,26.240000000000002,50.10370560000002,102
0.647200978,51,21,0.7210772190162132,26.9,26.240000000000002,60.98595840000001,102
0.630198109,51,21,0.7210772190162132,28.6,26.240000000000002,64.84008960000001,102
0.61704968,51,21,0.7210772190162132,33.4,26.240000000000002,75.7223424,102
0.519825231,51,21,0.7210772190162132,39.3,26.240000000000002,89.09844480000001,102
0.379848808,51,21,0.7210772190162132,45,26.240000000000002,102.02112000000001,102
0.368171953,51,21,0.7210772190162132,46.7,26.240000000000002,105.87525120000001,102
0.275637945,51,21,0.7210772190162132,51.5,26.240000000000002,116.75750400000001,102
0.833297974,51,21,0.7210772190162132,2,26.240000000000002,4.534272,103
0.810846587,51,21,0.7210772190162132,5.7,26.240000000000002,12.922675200000002,103
0.756987736,51,21,0.7210772190162132,9.5,26.240000000000002,21.537792000000003,103
0.604739518,51,21,0.7210772190162132,15.4,26.240000000000002,34.913894400000004,103
0.478555128,51,21,0.7210772190162132,20.3,26.240000000000002,46.022860800000004,103
0.441235271,51,21,0.7210772190162132,22.1,26.240000000000002,50.10370560000002,103
0.396547004,51,21,0.7210772190162132,26.9,26.240000000000002,60.98595840000001,103
0.365268584,51,21,0.7210772190162132,28.6,26.240000000000002,64.84008960000001,103
0.354471319,51,21,0.7210772190162132,33.4,26.240000000000002,75.7223424,103
0.217204305,51,21,0.7210772190162132,39.3,26.240000000000002,89.09844480000001,103
0.128997647,51,21,0.7210772190162132,45,26.240000000000002,102.02112000000001,103
0.127769057,51,21,0.7210772190162132,46.7,26.240000000000002,105.87525120000001,103
0.030364676,51,21,0.7210772190162132,51.5,26.240000000000002,116.75750400000001,103
0.905909421,41,0,0.7210772190162132,2,26.240000000000002,4.534272,104
0.855655122,41,0,0.7210772190162132,5.7,26.240000000000002,12.922675200000002,104
0.784451441,41,0,0.7210772190162132,9.5,26.240000000000002,21.537792000000003,104
0.734318237,41,0,0.7210772190162132,15.4,26.240000000000002,34.913894400000004,104
0.694599177,41,0,0.7210772190162132,20.3,26.240000000000002,46.022860800000004,104
0.701501574,41,0,0.7210772190162132,22.1,26.240000000000002,50.10370560000002,104
0.66941148,41,0,0.7210772190162132,26.9,26.240000000000002,60.98595840000001,104
0.64749334,41,0,0.7210772190162132,28.6,26.240000000000002,64.84008960000001,104
0.673649794,41,0,0.7210772190162132,33.4,26.240000000000002,75.7223424,104
0.650762897,41,0,0.7210772190162132,39.3,26.240000000000002,89.09844480000001,104
0.555098087,41,0,0.7210772190162132,45,26.240000000000002,102.02112000000001,104
0.553766045,41,0,0.7210772190162132,46.7,26.240000000000002,105.87525120000001,104
0.521797045,41,0,0.7210772190162132,51.5,26.240000000000002,116.75750400000001,104
1.032093363,41,0,0.7210772190162132,2,26.240000000000002,4.534272,105
0.991490396,41,0,0.7210772190162132,5.7,26.240000000000002,12.922675200000002,105
0.949185509,41,0,0.7210772190162132,9.5,26.240000000000002,21.537792000000003,105
0.911743253,41,0,0.7210772190162132,15.4,26.240000000000002,34.913894400000004,105
0.88597131,41,0,0.7210772190162132,20.3,26.240000000000002,46.022860800000004,105
0.8693168,41,0,0.7210772190162132,22.1,26.240000000000002,50.10370560000002,105
0.849623146,41,0,0.7210772190162132,26.9,26.240000000000002,60.98595840000001,105
0.848285923,41,0,0.7210772190162132,28.6,26.240000000000002,64.84008960000001,105
0.81303185,41,0,0.7210772190162132,33.4,26.240000000000002,75.7223424,105
0.810478969,41,0,0.7210772190162132,39.3,26.240000000000002,89.09844480000001,105
0.76306832,41,0,0.7210772190162132,45,26.240000000000002,102.02112000000001,105
0.771821055,41,0,0.7210772190162132,46.7,26.240000000000002,105.87525120000001,105
0.759786044,41,0,0.7210772190162132,51.5,26.240000000000002,116.75750400000001,105
0.966077401,41,0,0.7210772190162132,2,26.240000000000002,4.534272,106
0.86920688,41,0,0.7210772190162132,5.7,26.240000000000002,12.922675200000002,106
0.840898232,41,0,0.7210772190162132,9.5,26.240000000000002,21.537792000000003,106
0.804825609,41,0,0.7210772190162132,15.4,26.240000000000002,34.913894400000004,106
0.699952222,41,0,0.7210772190162132,20.3,26.240000000000002,46.022860800000004,106
0.694099379,41,0,0.7210772190162132,22.1,26.240000000000002,50.10370560000002,106
0.678213091,41,0,0.7210772190162132,26.9,26.240000000000002,60.98595840000001,106
0.668418538,41,0,0.7210772190162132,28.6,26.240000000000002,64.84008960000001,106
0.644887721,41,0,0.7210772190162132,33.4,26.240000000000002,75.7223424,106
0.656235069,41,0,0.7210772190162132,39.3,26.240000000000002,89.09844480000001,106
0.599976111,41,0,0.7210772190162132,45,26.240000000000002,102.02112000000001,106
0.603081701,41,0,0.7210772190162132,46.7,26.240000000000002,105.87525120000001,106
0.59292881,41,0,0.7210772190162132,51.5,26.240000000000002,116.75750400000001,106
1.110070258,41,0,0.7210772190162132,2,26.240000000000002,4.534272,107
1.081474177,41,0,0.7210772190162132,5.7,26.240000000000002,12.922675200000002,107
1.066559842,41,0,0.7210772190162132,9.5,26.240000000000002,21.537792000000003,107
1.028226303,41,0,0.7210772190162132,15.4,26.240000000000002,34.913894400000004,107
0.991495131,41,0,0.7210772190162132,20.3,26.240000000000002,46.022860800000004,107
0.979908788,41,0,0.7210772190162132,22.1,26.240000000000002,50.10370560000002,107
0.953901146,41,0,0.7210772190162132,26.9,26.240000000000002,60.98595840000001,107
0.941205473,41,0,0.7210772190162132,28.6,26.240000000000002,64.84008960000001,107
0.91532109,41,0,0.7210772190162132,33.4,26.240000000000002,75.7223424,107
0.937630963,41,0,0.7210772190162132,39.3,26.240000000000002,89.09844480000001,107
0.854800937,41,0,0.7210772190162132,45,26.240000000000002,102.02112000000001,107
0.857759152,41,0,0.7210772190162132,46.7,26.240000000000002,105.87525120000001,107
0.844940219,41,0,0.7210772190162132,51.5,26.240000000000002,116.75750400000001,107
0.961305732,41,21,0.7210772190162132,2,26.240000000000002,4.534272,108
0.957961783,41,21,0.7210772190162132,5.7,26.240000000000002,12.922675200000002,108
0.875159236,41,21,0.7210772190162132,9.5,26.240000000000002,21.537792000000003,108
0.69253,41,21,0.7210772190162132,20.3,26.240000000000002,46.022860800000004,108
0.792197452,41,21,0.7210772190162132,22.1,26.240000000000002,50.10370560000002,108
0.716242038,41,21,0.7210772190162132,26.9,26.240000000000002,60.98595840000001,108
0.607961783,41,21,0.7210772190162132,33.4,26.240000000000002,75.7223424,108
0.658280255,41,21,0.7210772190162132,45,26.240000000000002,102.02112000000001,108
0.652070064,41,21,0.7210772190162132,46.7,26.240000000000002,105.87525120000001,108
0.615923567,41,21,0.7210772190162132,51.5,26.240000000000002,116.75750400000001,108
0.834716869,41,21,0.7210772190162132,2,26.240000000000002,4.534272,109
0.724577527,41,21,0.7210772190162132,5.7,26.240000000000002,12.922675200000002,109
0.682626742,41,21,0.7210772190162132,9.5,26.240000000000002,21.537792000000003,109
0.643047732,41,21,0.7210772190162132,15.4,26.240000000000002,34.913894400000004,109
0.613993478,41,21,0.7210772190162132,20.3,26.240000000000002,46.022860800000004,109
0.603616958,41,21,0.7210772190162132,22.1,26.240000000000002,50.10370560000002,109
0.585532167,41,21,0.7210772190162132,26.9,26.240000000000002,60.98595840000001,109
0.578565076,41,21,0.7210772190162132,28.6,26.240000000000002,64.84008960000001,109
0.551586125,41,21,0.7210772190162132,33.4,26.240000000000002,75.7223424,109
0.541506078,41,21,0.7210772190162132,39.3,26.240000000000002,89.09844480000001,109
0.368232703,41,21,0.7210772190162132,45,26.240000000000002,102.02112000000001,110
0.397871169,41,21,0.7210772190162132,46.7,26.240000000000002,105.87525120000001,110
0.262616994,41,21,0.7210772190162132,51.5,26.240000000000002,116.75750400000001,110
0.853477916,41,21,0.7210772190162132,2,26.240000000000002,4.534272,111
0.754165565,41,21,0.7210772190162132,5.7,26.240000000000002,12.922675200000002,111
0.69677334,41,21,0.7210772190162132,9.5,26.240000000000002,21.537792000000003,111
0.611610685,41,21,0.7210772190162132,15.4,26.240000000000002,34.913894400000004,111
0.604866437,41,21,0.7210772190162132,20.3,26.240000000000002,46.022860800000004,111
0.597460989,41,21,0.7210772190162132,22.1,26.240000000000002,50.10370560000002,111
0.594948426,41,21,0.7210772190162132,26.9,26.240000000000002,60.98595840000001,111
0.581592171,41,21,0.7210772190162132,28.6,26.240000000000002,64.84008960000001,111
0.555011902,41,21,0.7210772190162132,33.4,26.240000000000002,75.7223424,111
0.524596668,41,21,0.7210772190162132,39.3,26.240000000000002,89.09844480000001,111
0.265934938,41,21,0.7210772190162132,45,26.240000000000002,102.02112000000001,111
0.239222428,41,21,0.7210772190162132,46.7,26.240000000000002,105.87525120000001,111
0.164242264,41,21,0.7210772190162132,51.5,26.240000000000002,116.75750400000001,111
0.92288961,15,7.5,1,1.8,36.39,5.659372800000001,112
0.873608534,15,7.5,1,3.6,36.39,11.318745600000002,112
0.857722635,15,7.5,1,6.4,36.39,20.1222144,112
0.814819109,15,7.5,1,8.3,36.39,26.095996800000002,112
0.771451763,15,7.5,1,13.2,36.39,41.5020672,112
0.753130798,15,7.5,1,15.2,36.39,47.790259199999994,112
0.733534323,15,7.5,1,18.1,36.39,56.90813760000001,112
0.731099258,15,7.5,1,19.9,36.39,62.56751039999999,112
0.692717996,15,7.5,1,23.9,36.39,75.14389440000001,112
0.693065863,15,7.5,1,25.6,36.39,80.4888576,112
0.689935065,15,7.5,1,30.4,36.39,95.58051839999999,112
0.671846011,15,7.5,1,32.4,36.39,101.86871040000001,112
0.571080705,15,7.5,1,41.2,36.39,129.5367552,112
0.894548704,15,7.5,1,1.8,36.39,5.659372800000001,113
0.848227584,15,7.5,1,3.6,36.39,11.318745600000002,113
0.810991957,15,7.5,1,6.4,36.39,20.1222144,113
0.765117665,15,7.5,1,8.3,36.39,26.095996800000002,113
0.73220137,15,7.5,1,13.2,36.39,41.5020672,113
0.701370271,15,7.5,1,15.2,36.39,47.790259199999994,113
0.67575216,15,7.5,1,18.1,36.39,56.90813760000001,113
0.662198391,15,7.5,1,19.9,36.39,62.56751039999999,113
0.644772118,15,7.5,1,23.9,36.39,75.14389440000001,113
0.631963062,15,7.5,1,25.6,36.39,80.4888576,113
0.624366994,15,7.5,1,30.4,36.39,95.58051839999999,113
0.609919571,15,7.5,1,32.4,36.39,101.86871040000001,113
0.586386655,15,7.5,1,41.2,36.39,129.5367552,113
1.005640158,15,7.5,1,1.8,36.39,5.659372800000001,114
0.914974619,15,7.5,1,3.6,36.39,11.318745600000002,114
0.852227862,15,7.5,1,6.4,36.39,20.1222144,114
0.782430908,15,7.5,1,8.3,36.39,26.095996800000002,114
0.708685843,15,7.5,1,13.2,36.39,41.5020672,114
0.696841512,15,7.5,1,15.2,36.39,47.790259199999994,114
0.670755781,15,7.5,1,18.1,36.39,56.90813760000001,114
0.658347434,15,7.5,1,19.9,36.39,62.56751039999999,114
0.616046249,15,7.5,1,23.9,36.39,75.14389440000001,114
0.608009024,15,7.5,1,25.6,36.39,80.4888576,114
0.60391991,15,7.5,1,30.4,36.39,95.58051839999999,114
0.571489002,15,7.5,1,32.4,36.39,101.86871040000001,114
0.387196842,15,7.5,1,41.2,36.39,129.5367552,114
0.921162791,15,7.5,1,1.8,36.39,5.659372800000001,115
0.841511628,15,7.5,1,3.6,36.39,11.318745600000002,115
0.80744186,15,7.5,1,6.4,36.39,20.1222144,115
0.780813953,15,7.5,1,8.3,36.39,26.095996800000002,115
0.721511628,15,7.5,1,13.2,36.39,41.5020672,115
0.660813953,15,7.5,1,15.2,36.39,47.790259199999994,115
0.634883721,15,7.5,1,18.1,36.39,56.90813760000001,115
0.643023256,15,7.5,1,19.9,36.39,62.56751039999999,115
0.834883721,15,7.5,1,23.9,36.39,75.14389440000001,115
0.835930233,15,7.5,1,25.6,36.39,80.4888576,115
0.584534884,15,7.5,1,30.4,36.39,95.58051839999999,115
0.551627907,15,7.5,1,32.4,36.39,101.86871040000001,115
0.529069767,15,7.5,1,41.2,36.39,129.5367552,115
0.945841831,15,15,1,1.8,36.39,5.659372800000001,116
1.007704509,15,15,1,3.6,36.39,11.318745600000002,116
0.770337639,15,15,1,6.4,36.39,20.1222144,116
0.753115794,15,15,1,8.3,36.39,26.095996800000002,116
0.738499887,15,15,1,13.2,36.39,41.5020672,116
0.713573533,15,15,1,15.2,36.39,47.790259199999994,116
0.750056651,15,15,1,18.1,36.39,56.90813760000001,116
0.731135282,15,15,1,19.9,36.39,62.56751039999999,116
0.756628144,15,15,1,23.9,36.39,75.14389440000001,116
0.719805121,15,15,1,25.6,36.39,80.4888576,116
0.672671652,15,15,1,30.4,36.39,95.58051839999999,116
0.671198731,15,15,1,32.4,36.39,101.86871040000001,116
0.69363245,15,15,1,41.2,36.39,129.5367552,116
0.966671435,15,15,1,1.8,36.39,5.659372800000001,118
0.934058075,15,15,1,3.6,36.39,11.318745600000002,118
0.929194679,15,15,1,6.4,36.39,20.1222144,118
0.881132885,15,15,1,8.3,36.39,26.095996800000002,118
0.835502789,15,15,1,13.2,36.39,41.5020672,118
0.831783722,15,15,1,15.2,36.39,47.790259199999994,118
0.82205693,15,15,1,18.1,36.39,56.90813760000001,118
0.798312116,15,15,1,19.9,36.39,62.56751039999999,118
0.788585324,15,15,1,23.9,36.39,75.14389440000001,118
0.778429409,15,15,1,25.6,36.39,80.4888576,118
0.769846946,15,15,1,30.4,36.39,95.58051839999999,118
0.764840509,15,15,1,32.4,36.39,101.86871040000001,118
0.7146331,15,15,1,41.2,36.39,129.5367552,118
0.983044943,15,15,1,1.8,36.39,5.659372800000001,119
0.952038091,15,15,1,3.6,36.39,11.318745600000002,119
0.932412031,15,15,1,6.4,36.39,20.1222144,119
0.903031007,15,15,1,8.3,36.39,26.095996800000002,119
0.859017536,15,15,1,13.2,36.39,41.5020672,119
0.842643131,15,15,1,15.2,36.39,47.790259199999994,119
0.587155963,15,15,1,18.1,36.39,56.90813760000001,119
0.785739171,15,15,1,19.9,36.39,62.56751039999999,119
0.751016142,15,15,1,23.9,36.39,75.14389440000001,119
0.732086866,15,15,1,25.6,36.39,80.4888576,119
0.722796423,15,15,1,30.4,36.39,95.58051839999999,119
0.551039368,15,15,1,32.4,36.39,101.86871040000001,119
0.581697828,15,15,1,41.2,36.39,129.5367552,119
0.890130888,25,7.5,1,1.8,36.39,5.659372800000001,120
0.822680806,25,7.5,1,3.6,36.39,11.318745600000002,120
0.791917455,25,7.5,1,6.4,36.39,20.1222144,120
0.754084265,25,7.5,1,8.3,36.39,26.095996800000002,120
0.702684628,25,7.5,1,13.2,36.39,41.5020672,120
0.685010032,25,7.5,1,15.2,36.39,47.790259199999994,120
0.659692366,25,7.5,1,18.1,36.39,56.90813760000001,120
0.652335913,25,7.5,1,19.9,36.39,62.56751039999999,120
0.640489156,25,7.5,1,23.9,36.39,75.14389440000001,120
0.631604089,25,7.5,1,25.6,36.39,80.4888576,120
0.655870832,25,7.5,1,30.4,36.39,95.58051839999999,120
0.641540078,25,7.5,1,32.4,36.39,101.86871040000001,120
0.894175455,25,7.5,1,1.8,36.39,5.659372800000001,121
0.846955896,25,7.5,1,3.6,36.39,11.318745600000002,121
0.821308725,25,7.5,1,6.4,36.39,20.1222144,121
0.797938639,25,7.5,1,8.3,36.39,26.095996800000002,121
0.747243528,25,7.5,1,13.2,36.39,41.5020672,121
0.69822627,25,7.5,1,23.9,36.39,75.14389440000001,121
0.6813279,25,7.5,1,25.6,36.39,80.4888576,121
0.696428571,25,7.5,1,30.4,36.39,95.58051839999999,121
0.666946309,25,7.5,1,32.4,36.39,101.86871040000001,121
0.897952854,25,7.5,1,1.8,36.39,5.659372800000001,122
0.860421836,25,7.5,1,3.6,36.39,11.318745600000002,122
0.854321754,25,7.5,1,6.4,36.39,20.1222144,122
0.809656741,25,7.5,1,8.3,36.39,26.095996800000002,122
0.760545906,25,7.5,1,13.2,36.39,41.5020672,122
0.735421836,25,7.5,1,15.2,36.39,47.790259199999994,122
0.720016543,25,7.5,1,18.1,36.39,56.90813760000001,122
0.701095947,25,7.5,1,19.9,36.39,62.56751039999999,122
0.692721257,25,7.5,1,23.9,36.39,75.14389440000001,122
0.68207196,25,7.5,1,25.6,36.39,80.4888576,122
0.658085194,25,7.5,1,30.4,36.39,95.58051839999999,122
0.643300248,25,7.5,1,32.4,36.39,101.86871040000001,122
0.933449242,25,7.5,1,1.8,36.39,5.659372800000001,123
0.851154255,25,7.5,1,3.6,36.39,11.318745600000002,123
0.802086352,25,7.5,1,6.4,36.39,20.1222144,123
0.7855694,25,7.5,1,8.3,36.39,26.095996800000002,123
0.754177533,25,7.5,1,13.2,36.39,41.5020672,123
0.722206124,25,7.5,1,15.2,36.39,47.790259199999994,123
0.735632184,25,7.5,1,18.1,36.39,56.90813760000001,123
0.72104704,25,7.5,1,19.9,36.39,62.56751039999999,123
0.712740269,25,7.5,1,23.9,36.39,75.14389440000001,123
0.688689269,25,7.5,1,25.6,36.39,80.4888576,123
0.697575582,25,7.5,1,30.4,36.39,95.58051839999999,123
0.695643775,25,7.5,1,32.4,36.39,101.86871040000001,123
0.917271251,25,15,1,1.8,36.39,5.659372800000001,124
0.91023281,25,15,1,3.6,36.39,11.318745600000002,124
0.914131023,25,15,1,6.4,36.39,20.1222144,124
0.885002707,25,15,1,8.3,36.39,26.095996800000002,124
0.85760693,25,15,1,13.2,36.39,41.5020672,124
0.841364375,25,15,1,15.2,36.39,47.790259199999994,124
0.771737953,25,15,1,18.1,36.39,56.90813760000001,124
0.824038982,25,15,1,19.9,36.39,62.56751039999999,124
0.750406064,25,15,1,23.9,36.39,75.14389440000001,124
0.708825122,25,15,1,25.6,36.39,80.4888576,124
0.675906876,25,15,1,30.4,36.39,95.58051839999999,124
0.654899838,25,15,1,32.4,36.39,101.86871040000001,124
0.972541706,25,15,1,1.8,36.39,5.659372800000001,125
0.934410942,25,15,1,3.6,36.39,11.318745600000002,125
0.905191172,25,15,1,6.4,36.39,20.1222144,125
0.895658481,25,15,1,8.3,36.39,26.095996800000002,125
0.864884468,25,15,1,13.2,36.39,41.5020672,125
0.887265568,25,15,1,15.2,36.39,47.790259199999994,125
0.799709875,25,15,1,18.1,36.39,56.90813760000001,125
0.799191794,25,15,1,19.9,36.39,62.56751039999999,125
0.779193866,25,15,1,23.9,36.39,75.14389440000001,125
0.815148689,25,15,1,25.6,36.39,80.4888576,125
0.718889234,25,15,1,30.4,36.39,95.58051839999999,125
0.690912859,25,15,1,32.4,36.39,101.86871040000001,125
0.950904097,25,15,1,1.8,36.39,5.659372800000001,126
0.953536278,25,15,1,3.6,36.39,11.318745600000002,126
0.915655756,25,15,1,6.4,36.39,20.1222144,126
0.88487068,25,15,1,8.3,36.39,26.095996800000002,126
0.854886702,25,15,1,13.2,36.39,41.5020672,126
0.826276036,25,15,1,15.2,36.39,47.790259199999994,126
0.810826276,25,15,1,18.1,36.39,56.90813760000001,126
0.788509957,25,15,1,19.9,36.39,62.56751039999999,126
0.755092699,25,15,1,23.9,36.39,75.14389440000001,126
0.750171664,25,15,1,25.6,36.39,80.4888576,126
0.722133211,25,15,1,30.4,36.39,95.58051839999999,126
0.691119249,25,15,1,32.4,36.39,101.86871040000001,126
0.882074382,25,15,1,1.8,36.39,5.659372800000001,127
0.854238854,25,15,1,3.6,36.39,11.318745600000002,127
0.841880342,25,15,1,6.4,36.39,20.1222144,127
0.804458304,25,15,1,8.3,36.39,26.095996800000002,127
0.791868792,25,15,1,13.2,36.39,41.5020672,127
0.777662278,25,15,1,15.2,36.39,47.790259199999994,127
0.741972742,25,15,1,18.1,36.39,56.90813760000001,127
0.710672211,25,15,1,19.9,36.39,62.56751039999999,127
0.672095172,25,15,1,23.9,36.39,75.14389440000001,127
0.664241164,25,15,1,25.6,36.39,80.4888576,127
0.638253638,25,15,1,30.4,36.39,95.58051839999999,127
0.624047124,25,15,1,32.4,36.39,101.86871040000001,127
